"text","label"
"I admire your dedication today","Admiration"
"I admire your dedication this week","Admiration"
"I admire your dedication at college","Admiration"
"I admire your dedication during the project","Admiration"
"I admire your dedication in this situation","Admiration"
"I admire your dedication right now","Admiration"
"I admire your dedication with my team","Admiration"
"I admire your dedication in class","Admiration"
"I admire your dedication after the meeting","Admiration"
"I admire your dedication this morning","Admiration"
"I admire your dedication tonight","Admiration"
"I admire your dedication in the lab","Admiration"
"I admire your dedication during practice","Admiration"
"I admire your dedication with friends","Admiration"
"I admire your dedication at home","Admiration"
"I respect your discipline today","Admiration"
"I respect your discipline this week","Admiration"
"I respect your discipline at college","Admiration"
"I respect your discipline during the project","Admiration"
"I respect your discipline in this situation","Admiration"
"I respect your discipline right now","Admiration"
"I respect your discipline with my team","Admiration"
"I respect your discipline in class","Admiration"
"I respect your discipline after the meeting","Admiration"
"I respect your discipline this morning","Admiration"
"I respect your discipline tonight","Admiration"
"I respect your discipline in the lab","Admiration"
"I respect your discipline during practice","Admiration"
"I respect your discipline with friends","Admiration"
"I respect your discipline at home","Admiration"
"Your effort inspires me today","Admiration"
"Your effort inspires me this week","Admiration"
"Your effort inspires me at college","Admiration"
"Your effort inspires me during the project","Admiration"
"Your effort inspires me in this situation","Admiration"
"Your effort inspires me right now","Admiration"
"Your effort inspires me with my team","Admiration"
"Your effort inspires me in class","Admiration"
"Your effort inspires me after the meeting","Admiration"
"Your effort inspires me this morning","Admiration"
"Your effort inspires me tonight","Admiration"
"Your effort inspires me in the lab","Admiration"
"Your effort inspires me during practice","Admiration"
"Your effort inspires me with friends","Admiration"
"Your effort inspires me at home","Admiration"
"That skill is impressive today","Admiration"
"That skill is impressive this week","Admiration"
"That skill is impressive at college","Admiration"
"That skill is impressive during the project","Admiration"
"That skill is impressive in this situation","Admiration"
"That skill is impressive right now","Admiration"
"That skill is impressive with my team","Admiration"
"That skill is impressive in class","Admiration"
"That skill is impressive after the meeting","Admiration"
"That skill is impressive this morning","Admiration"
"That skill is impressive tonight","Admiration"
"That skill is impressive in the lab","Admiration"
"That skill is impressive during practice","Admiration"
"That skill is impressive with friends","Admiration"
"That skill is impressive at home","Admiration"
"That joke is hilarious today","Amusement"
"That joke is hilarious this week","Amusement"
"That joke is hilarious at college","Amusement"
"That joke is hilarious during the project","Amusement"
"That joke is hilarious in this situation","Amusement"
"That joke is hilarious right now","Amusement"
"That joke is hilarious with my team","Amusement"
"That joke is hilarious in class","Amusement"
"That joke is hilarious after the meeting","Amusement"
"That joke is hilarious this morning","Amusement"
"That joke is hilarious tonight","Amusement"
"That joke is hilarious in the lab","Amusement"
"That joke is hilarious during practice","Amusement"
"That joke is hilarious with friends","Amusement"
"That joke is hilarious at home","Amusement"
"This moment is funny today","Amusement"
"This moment is funny this week","Amusement"
"This moment is funny at college","Amusement"
"This moment is funny during the project","Amusement"
"This moment is funny in this situation","Amusement"
"This moment is funny right now","Amusement"
"This moment is funny with my team","Amusement"
"This moment is funny in class","Amusement"
"This moment is funny after the meeting","Amusement"
"This moment is funny this morning","Amusement"
"This moment is funny tonight","Amusement"
"This moment is funny in the lab","Amusement"
"This moment is funny during practice","Amusement"
"This moment is funny with friends","Amusement"
"This moment is funny at home","Amusement"
"I cannot stop laughing today","Amusement"
"I cannot stop laughing this week","Amusement"
"I cannot stop laughing at college","Amusement"
"I cannot stop laughing during the project","Amusement"
"I cannot stop laughing in this situation","Amusement"
"I cannot stop laughing right now","Amusement"
"I cannot stop laughing with my team","Amusement"
"I cannot stop laughing in class","Amusement"
"I cannot stop laughing after the meeting","Amusement"
"I cannot stop laughing this morning","Amusement"
"I cannot stop laughing tonight","Amusement"
"I cannot stop laughing in the lab","Amusement"
"I cannot stop laughing during practice","Amusement"
"I cannot stop laughing with friends","Amusement"
"I cannot stop laughing at home","Amusement"
"That meme is amusing today","Amusement"
"That meme is amusing this week","Amusement"
"That meme is amusing at college","Amusement"
"That meme is amusing during the project","Amusement"
"That meme is amusing in this situation","Amusement"
"That meme is amusing right now","Amusement"
"That meme is amusing with my team","Amusement"
"That meme is amusing in class","Amusement"
"That meme is amusing after the meeting","Amusement"
"That meme is amusing this morning","Amusement"
"That meme is amusing tonight","Amusement"
"That meme is amusing in the lab","Amusement"
"That meme is amusing during practice","Amusement"
"That meme is amusing with friends","Amusement"
"That meme is amusing at home","Amusement"
"I am very angry today","Anger"
"I am very angry this week","Anger"
"I am very angry at college","Anger"
"I am very angry during the project","Anger"
"I am very angry in this situation","Anger"
"I am very angry right now","Anger"
"I am very angry with my team","Anger"
"I am very angry in class","Anger"
"I am very angry after the meeting","Anger"
"I am very angry this morning","Anger"
"I am very angry tonight","Anger"
"I am very angry in the lab","Anger"
"I am very angry during practice","Anger"
"I am very angry with friends","Anger"
"I am very angry at home","Anger"
"This makes me furious today","Anger"
"This makes me furious this week","Anger"
"This makes me furious at college","Anger"
"This makes me furious during the project","Anger"
"This makes me furious in this situation","Anger"
"This makes me furious right now","Anger"
"This makes me furious with my team","Anger"
"This makes me furious in class","Anger"
"This makes me furious after the meeting","Anger"
"This makes me furious this morning","Anger"
"This makes me furious tonight","Anger"
"This makes me furious in the lab","Anger"
"This makes me furious during practice","Anger"
"This makes me furious with friends","Anger"
"This makes me furious at home","Anger"
"I feel intense rage today","Anger"
"I feel intense rage this week","Anger"
"I feel intense rage at college","Anger"
"I feel intense rage during the project","Anger"
"I feel intense rage in this situation","Anger"
"I feel intense rage right now","Anger"
"I feel intense rage with my team","Anger"
"I feel intense rage in class","Anger"
"I feel intense rage after the meeting","Anger"
"I feel intense rage this morning","Anger"
"I feel intense rage tonight","Anger"
"I feel intense rage in the lab","Anger"
"I feel intense rage during practice","Anger"
"I feel intense rage with friends","Anger"
"I feel intense rage at home","Anger"
"I hate this outcome today","Anger"
"I hate this outcome this week","Anger"
"I hate this outcome at college","Anger"
"I hate this outcome during the project","Anger"
"I hate this outcome in this situation","Anger"
"I hate this outcome right now","Anger"
"I hate this outcome with my team","Anger"
"I hate this outcome in class","Anger"
"I hate this outcome after the meeting","Anger"
"I hate this outcome this morning","Anger"
"I hate this outcome tonight","Anger"
"I hate this outcome in the lab","Anger"
"I hate this outcome during practice","Anger"
"I hate this outcome with friends","Anger"
"I hate this outcome at home","Anger"
"This is irritating me today","Annoyance"
"This is irritating me this week","Annoyance"
"This is irritating me at college","Annoyance"
"This is irritating me during the project","Annoyance"
"This is irritating me in this situation","Annoyance"
"This is irritating me right now","Annoyance"
"This is irritating me with my team","Annoyance"
"This is irritating me in class","Annoyance"
"This is irritating me after the meeting","Annoyance"
"This is irritating me this morning","Annoyance"
"This is irritating me tonight","Annoyance"
"This is irritating me in the lab","Annoyance"
"This is irritating me during practice","Annoyance"
"This is irritating me with friends","Annoyance"
"This is irritating me at home","Annoyance"
"I feel annoyed today","Annoyance"
"I feel annoyed this week","Annoyance"
"I feel annoyed at college","Annoyance"
"I feel annoyed during the project","Annoyance"
"I feel annoyed in this situation","Annoyance"
"I feel annoyed right now","Annoyance"
"I feel annoyed with my team","Annoyance"
"I feel annoyed in class","Annoyance"
"I feel annoyed after the meeting","Annoyance"
"I feel annoyed this morning","Annoyance"
"I feel annoyed tonight","Annoyance"
"I feel annoyed in the lab","Annoyance"
"I feel annoyed during practice","Annoyance"
"I feel annoyed with friends","Annoyance"
"I feel annoyed at home","Annoyance"
"That sound bothers me today","Annoyance"
"That sound bothers me this week","Annoyance"
"That sound bothers me at college","Annoyance"
"That sound bothers me during the project","Annoyance"
"That sound bothers me in this situation","Annoyance"
"That sound bothers me right now","Annoyance"
"That sound bothers me with my team","Annoyance"
"That sound bothers me in class","Annoyance"
"That sound bothers me after the meeting","Annoyance"
"That sound bothers me this morning","Annoyance"
"That sound bothers me tonight","Annoyance"
"That sound bothers me in the lab","Annoyance"
"That sound bothers me during practice","Annoyance"
"That sound bothers me with friends","Annoyance"
"That sound bothers me at home","Annoyance"
"I am frustrated by this today","Annoyance"
"I am frustrated by this this week","Annoyance"
"I am frustrated by this at college","Annoyance"
"I am frustrated by this during the project","Annoyance"
"I am frustrated by this in this situation","Annoyance"
"I am frustrated by this right now","Annoyance"
"I am frustrated by this with my team","Annoyance"
"I am frustrated by this in class","Annoyance"
"I am frustrated by this after the meeting","Annoyance"
"I am frustrated by this this morning","Annoyance"
"I am frustrated by this tonight","Annoyance"
"I am frustrated by this in the lab","Annoyance"
"I am frustrated by this during practice","Annoyance"
"I am frustrated by this with friends","Annoyance"
"I am frustrated by this at home","Annoyance"
"I approve this decision today","Approval"
"I approve this decision this week","Approval"
"I approve this decision at college","Approval"
"I approve this decision during the project","Approval"
"I approve this decision in this situation","Approval"
"I approve this decision right now","Approval"
"I approve this decision with my team","Approval"
"I approve this decision in class","Approval"
"I approve this decision after the meeting","Approval"
"I approve this decision this morning","Approval"
"I approve this decision tonight","Approval"
"I approve this decision in the lab","Approval"
"I approve this decision during practice","Approval"
"I approve this decision with friends","Approval"
"I approve this decision at home","Approval"
"I agree with this plan today","Approval"
"I agree with this plan this week","Approval"
"I agree with this plan at college","Approval"
"I agree with this plan during the project","Approval"
"I agree with this plan in this situation","Approval"
"I agree with this plan right now","Approval"
"I agree with this plan with my team","Approval"
"I agree with this plan in class","Approval"
"I agree with this plan after the meeting","Approval"
"I agree with this plan this morning","Approval"
"I agree with this plan tonight","Approval"
"I agree with this plan in the lab","Approval"
"I agree with this plan during practice","Approval"
"I agree with this plan with friends","Approval"
"I agree with this plan at home","Approval"
"This is a good choice today","Approval"
"This is a good choice this week","Approval"
"This is a good choice at college","Approval"
"This is a good choice during the project","Approval"
"This is a good choice in this situation","Approval"
"This is a good choice right now","Approval"
"This is a good choice with my team","Approval"
"This is a good choice in class","Approval"
"This is a good choice after the meeting","Approval"
"This is a good choice this morning","Approval"
"This is a good choice tonight","Approval"
"This is a good choice in the lab","Approval"
"This is a good choice during practice","Approval"
"This is a good choice with friends","Approval"
"This is a good choice at home","Approval"
"Well done on this today","Approval"
"Well done on this this week","Approval"
"Well done on this at college","Approval"
"Well done on this during the project","Approval"
"Well done on this in this situation","Approval"
"Well done on this right now","Approval"
"Well done on this with my team","Approval"
"Well done on this in class","Approval"
"Well done on this after the meeting","Approval"
"Well done on this this morning","Approval"
"Well done on this tonight","Approval"
"Well done on this in the lab","Approval"
"Well done on this during practice","Approval"
"Well done on this with friends","Approval"
"Well done on this at home","Approval"
"I care about you today","Caring"
"I care about you this week","Caring"
"I care about you at college","Caring"
"I care about you during the project","Caring"
"I care about you in this situation","Caring"
"I care about you right now","Caring"
"I care about you with my team","Caring"
"I care about you in class","Caring"
"I care about you after the meeting","Caring"
"I care about you this morning","Caring"
"I care about you tonight","Caring"
"I care about you in the lab","Caring"
"I care about you during practice","Caring"
"I care about you with friends","Caring"
"I care about you at home","Caring"
"I want to support you today","Caring"
"I want to support you this week","Caring"
"I want to support you at college","Caring"
"I want to support you during the project","Caring"
"I want to support you in this situation","Caring"
"I want to support you right now","Caring"
"I want to support you with my team","Caring"
"I want to support you in class","Caring"
"I want to support you after the meeting","Caring"
"I want to support you this morning","Caring"
"I want to support you tonight","Caring"
"I want to support you in the lab","Caring"
"I want to support you during practice","Caring"
"I want to support you with friends","Caring"
"I want to support you at home","Caring"
"I am concerned for you today","Caring"
"I am concerned for you this week","Caring"
"I am concerned for you at college","Caring"
"I am concerned for you during the project","Caring"
"I am concerned for you in this situation","Caring"
"I am concerned for you right now","Caring"
"I am concerned for you with my team","Caring"
"I am concerned for you in class","Caring"
"I am concerned for you after the meeting","Caring"
"I am concerned for you this morning","Caring"
"I am concerned for you tonight","Caring"
"I am concerned for you in the lab","Caring"
"I am concerned for you during practice","Caring"
"I am concerned for you with friends","Caring"
"I am concerned for you at home","Caring"
"I want to help you today","Caring"
"I want to help you this week","Caring"
"I want to help you at college","Caring"
"I want to help you during the project","Caring"
"I want to help you in this situation","Caring"
"I want to help you right now","Caring"
"I want to help you with my team","Caring"
"I want to help you in class","Caring"
"I want to help you after the meeting","Caring"
"I want to help you this morning","Caring"
"I want to help you tonight","Caring"
"I want to help you in the lab","Caring"
"I want to help you during practice","Caring"
"I want to help you with friends","Caring"
"I want to help you at home","Caring"
"I feel confused today","Confusion"
"I feel confused this week","Confusion"
"I feel confused at college","Confusion"
"I feel confused during the project","Confusion"
"I feel confused in this situation","Confusion"
"I feel confused right now","Confusion"
"I feel confused with my team","Confusion"
"I feel confused in class","Confusion"
"I feel confused after the meeting","Confusion"
"I feel confused this morning","Confusion"
"I feel confused tonight","Confusion"
"I feel confused in the lab","Confusion"
"I feel confused during practice","Confusion"
"I feel confused with friends","Confusion"
"I feel confused at home","Confusion"
"This is unclear to me today","Confusion"
"This is unclear to me this week","Confusion"
"This is unclear to me at college","Confusion"
"This is unclear to me during the project","Confusion"
"This is unclear to me in this situation","Confusion"
"This is unclear to me right now","Confusion"
"This is unclear to me with my team","Confusion"
"This is unclear to me in class","Confusion"
"This is unclear to me after the meeting","Confusion"
"This is unclear to me this morning","Confusion"
"This is unclear to me tonight","Confusion"
"This is unclear to me in the lab","Confusion"
"This is unclear to me during practice","Confusion"
"This is unclear to me with friends","Confusion"
"This is unclear to me at home","Confusion"
"I do not understand this today","Confusion"
"I do not understand this this week","Confusion"
"I do not understand this at college","Confusion"
"I do not understand this during the project","Confusion"
"I do not understand this in this situation","Confusion"
"I do not understand this right now","Confusion"
"I do not understand this with my team","Confusion"
"I do not understand this in class","Confusion"
"I do not understand this after the meeting","Confusion"
"I do not understand this this morning","Confusion"
"I do not understand this tonight","Confusion"
"I do not understand this in the lab","Confusion"
"I do not understand this during practice","Confusion"
"I do not understand this with friends","Confusion"
"I do not understand this at home","Confusion"
"I feel lost here today","Confusion"
"I feel lost here this week","Confusion"
"I feel lost here at college","Confusion"
"I feel lost here during the project","Confusion"
"I feel lost here in this situation","Confusion"
"I feel lost here right now","Confusion"
"I feel lost here with my team","Confusion"
"I feel lost here in class","Confusion"
"I feel lost here after the meeting","Confusion"
"I feel lost here this morning","Confusion"
"I feel lost here tonight","Confusion"
"I feel lost here in the lab","Confusion"
"I feel lost here during practice","Confusion"
"I feel lost here with friends","Confusion"
"I feel lost here at home","Confusion"
"I am curious about this today","Curiosity"
"I am curious about this this week","Curiosity"
"I am curious about this at college","Curiosity"
"I am curious about this during the project","Curiosity"
"I am curious about this in this situation","Curiosity"
"I am curious about this right now","Curiosity"
"I am curious about this with my team","Curiosity"
"I am curious about this in class","Curiosity"
"I am curious about this after the meeting","Curiosity"
"I am curious about this this morning","Curiosity"
"I am curious about this tonight","Curiosity"
"I am curious about this in the lab","Curiosity"
"I am curious about this during practice","Curiosity"
"I am curious about this with friends","Curiosity"
"I am curious about this at home","Curiosity"
"I want to know more today","Curiosity"
"I want to know more this week","Curiosity"
"I want to know more at college","Curiosity"
"I want to know more during the project","Curiosity"
"I want to know more in this situation","Curiosity"
"I want to know more right now","Curiosity"
"I want to know more with my team","Curiosity"
"I want to know more in class","Curiosity"
"I want to know more after the meeting","Curiosity"
"I want to know more this morning","Curiosity"
"I want to know more tonight","Curiosity"
"I want to know more in the lab","Curiosity"
"I want to know more during practice","Curiosity"
"I want to know more with friends","Curiosity"
"I want to know more at home","Curiosity"
"I wonder how this works today","Curiosity"
"I wonder how this works this week","Curiosity"
"I wonder how this works at college","Curiosity"
"I wonder how this works during the project","Curiosity"
"I wonder how this works in this situation","Curiosity"
"I wonder how this works right now","Curiosity"
"I wonder how this works with my team","Curiosity"
"I wonder how this works in class","Curiosity"
"I wonder how this works after the meeting","Curiosity"
"I wonder how this works this morning","Curiosity"
"I wonder how this works tonight","Curiosity"
"I wonder how this works in the lab","Curiosity"
"I wonder how this works during practice","Curiosity"
"I wonder how this works with friends","Curiosity"
"I wonder how this works at home","Curiosity"
"I am interested in this today","Curiosity"
"I am interested in this this week","Curiosity"
"I am interested in this at college","Curiosity"
"I am interested in this during the project","Curiosity"
"I am interested in this in this situation","Curiosity"
"I am interested in this right now","Curiosity"
"I am interested in this with my team","Curiosity"
"I am interested in this in class","Curiosity"
"I am interested in this after the meeting","Curiosity"
"I am interested in this this morning","Curiosity"
"I am interested in this tonight","Curiosity"
"I am interested in this in the lab","Curiosity"
"I am interested in this during practice","Curiosity"
"I am interested in this with friends","Curiosity"
"I am interested in this at home","Curiosity"
"I really want this today","Desire"
"I really want this this week","Desire"
"I really want this at college","Desire"
"I really want this during the project","Desire"
"I really want this in this situation","Desire"
"I really want this right now","Desire"
"I really want this with my team","Desire"
"I really want this in class","Desire"
"I really want this after the meeting","Desire"
"I really want this this morning","Desire"
"I really want this tonight","Desire"
"I really want this in the lab","Desire"
"I really want this during practice","Desire"
"I really want this with friends","Desire"
"I really want this at home","Desire"
"I strongly desire this today","Desire"
"I strongly desire this this week","Desire"
"I strongly desire this at college","Desire"
"I strongly desire this during the project","Desire"
"I strongly desire this in this situation","Desire"
"I strongly desire this right now","Desire"
"I strongly desire this with my team","Desire"
"I strongly desire this in class","Desire"
"I strongly desire this after the meeting","Desire"
"I strongly desire this this morning","Desire"
"I strongly desire this tonight","Desire"
"I strongly desire this in the lab","Desire"
"I strongly desire this during practice","Desire"
"I strongly desire this with friends","Desire"
"I strongly desire this at home","Desire"
"I wish to get this today","Desire"
"I wish to get this this week","Desire"
"I wish to get this at college","Desire"
"I wish to get this during the project","Desire"
"I wish to get this in this situation","Desire"
"I wish to get this right now","Desire"
"I wish to get this with my team","Desire"
"I wish to get this in class","Desire"
"I wish to get this after the meeting","Desire"
"I wish to get this this morning","Desire"
"I wish to get this tonight","Desire"
"I wish to get this in the lab","Desire"
"I wish to get this during practice","Desire"
"I wish to get this with friends","Desire"
"I wish to get this at home","Desire"
"I need this opportunity today","Desire"
"I need this opportunity this week","Desire"
"I need this opportunity at college","Desire"
"I need this opportunity during the project","Desire"
"I need this opportunity in this situation","Desire"
"I need this opportunity right now","Desire"
"I need this opportunity with my team","Desire"
"I need this opportunity in class","Desire"
"I need this opportunity after the meeting","Desire"
"I need this opportunity this morning","Desire"
"I need this opportunity tonight","Desire"
"I need this opportunity in the lab","Desire"
"I need this opportunity during practice","Desire"
"I need this opportunity with friends","Desire"
"I need this opportunity at home","Desire"
"I feel disappointed today","Disappointment"
"I feel disappointed this week","Disappointment"
"I feel disappointed at college","Disappointment"
"I feel disappointed during the project","Disappointment"
"I feel disappointed in this situation","Disappointment"
"I feel disappointed right now","Disappointment"
"I feel disappointed with my team","Disappointment"
"I feel disappointed in class","Disappointment"
"I feel disappointed after the meeting","Disappointment"
"I feel disappointed this morning","Disappointment"
"I feel disappointed tonight","Disappointment"
"I feel disappointed in the lab","Disappointment"
"I feel disappointed during practice","Disappointment"
"I feel disappointed with friends","Disappointment"
"I feel disappointed at home","Disappointment"
"This let me down today","Disappointment"
"This let me down this week","Disappointment"
"This let me down at college","Disappointment"
"This let me down during the project","Disappointment"
"This let me down in this situation","Disappointment"
"This let me down right now","Disappointment"
"This let me down with my team","Disappointment"
"This let me down in class","Disappointment"
"This let me down after the meeting","Disappointment"
"This let me down this morning","Disappointment"
"This let me down tonight","Disappointment"
"This let me down in the lab","Disappointment"
"This let me down during practice","Disappointment"
"This let me down with friends","Disappointment"
"This let me down at home","Disappointment"
"I expected better results today","Disappointment"
"I expected better results this week","Disappointment"
"I expected better results at college","Disappointment"
"I expected better results during the project","Disappointment"
"I expected better results in this situation","Disappointment"
"I expected better results right now","Disappointment"
"I expected better results with my team","Disappointment"
"I expected better results in class","Disappointment"
"I expected better results after the meeting","Disappointment"
"I expected better results this morning","Disappointment"
"I expected better results tonight","Disappointment"
"I expected better results in the lab","Disappointment"
"I expected better results during practice","Disappointment"
"I expected better results with friends","Disappointment"
"I expected better results at home","Disappointment"
"I am upset by this result today","Disappointment"
"I am upset by this result this week","Disappointment"
"I am upset by this result at college","Disappointment"
"I am upset by this result during the project","Disappointment"
"I am upset by this result in this situation","Disappointment"
"I am upset by this result right now","Disappointment"
"I am upset by this result with my team","Disappointment"
"I am upset by this result in class","Disappointment"
"I am upset by this result after the meeting","Disappointment"
"I am upset by this result this morning","Disappointment"
"I am upset by this result tonight","Disappointment"
"I am upset by this result in the lab","Disappointment"
"I am upset by this result during practice","Disappointment"
"I am upset by this result with friends","Disappointment"
"I am upset by this result at home","Disappointment"
"I disapprove this action today","Disapproval"
"I disapprove this action this week","Disapproval"
"I disapprove this action at college","Disapproval"
"I disapprove this action during the project","Disapproval"
"I disapprove this action in this situation","Disapproval"
"I disapprove this action right now","Disapproval"
"I disapprove this action with my team","Disapproval"
"I disapprove this action in class","Disapproval"
"I disapprove this action after the meeting","Disapproval"
"I disapprove this action this morning","Disapproval"
"I disapprove this action tonight","Disapproval"
"I disapprove this action in the lab","Disapproval"
"I disapprove this action during practice","Disapproval"
"I disapprove this action with friends","Disapproval"
"I disapprove this action at home","Disapproval"
"This is not okay today","Disapproval"
"This is not okay this week","Disapproval"
"This is not okay at college","Disapproval"
"This is not okay during the project","Disapproval"
"This is not okay in this situation","Disapproval"
"This is not okay right now","Disapproval"
"This is not okay with my team","Disapproval"
"This is not okay in class","Disapproval"
"This is not okay after the meeting","Disapproval"
"This is not okay this morning","Disapproval"
"This is not okay tonight","Disapproval"
"This is not okay in the lab","Disapproval"
"This is not okay during practice","Disapproval"
"This is not okay with friends","Disapproval"
"This is not okay at home","Disapproval"
"I disagree with this behavior today","Disapproval"
"I disagree with this behavior this week","Disapproval"
"I disagree with this behavior at college","Disapproval"
"I disagree with this behavior during the project","Disapproval"
"I disagree with this behavior in this situation","Disapproval"
"I disagree with this behavior right now","Disapproval"
"I disagree with this behavior with my team","Disapproval"
"I disagree with this behavior in class","Disapproval"
"I disagree with this behavior after the meeting","Disapproval"
"I disagree with this behavior this morning","Disapproval"
"I disagree with this behavior tonight","Disapproval"
"I disagree with this behavior in the lab","Disapproval"
"I disagree with this behavior during practice","Disapproval"
"I disagree with this behavior with friends","Disapproval"
"I disagree with this behavior at home","Disapproval"
"This is a bad idea today","Disapproval"
"This is a bad idea this week","Disapproval"
"This is a bad idea at college","Disapproval"
"This is a bad idea during the project","Disapproval"
"This is a bad idea in this situation","Disapproval"
"This is a bad idea right now","Disapproval"
"This is a bad idea with my team","Disapproval"
"This is a bad idea in class","Disapproval"
"This is a bad idea after the meeting","Disapproval"
"This is a bad idea this morning","Disapproval"
"This is a bad idea tonight","Disapproval"
"This is a bad idea in the lab","Disapproval"
"This is a bad idea during practice","Disapproval"
"This is a bad idea with friends","Disapproval"
"This is a bad idea at home","Disapproval"
"This is disgusting today","Disgust"
"This is disgusting this week","Disgust"
"This is disgusting at college","Disgust"
"This is disgusting during the project","Disgust"
"This is disgusting in this situation","Disgust"
"This is disgusting right now","Disgust"
"This is disgusting with my team","Disgust"
"This is disgusting in class","Disgust"
"This is disgusting after the meeting","Disgust"
"This is disgusting this morning","Disgust"
"This is disgusting tonight","Disgust"
"This is disgusting in the lab","Disgust"
"This is disgusting during practice","Disgust"
"This is disgusting with friends","Disgust"
"This is disgusting at home","Disgust"
"That smell is gross today","Disgust"
"That smell is gross this week","Disgust"
"That smell is gross at college","Disgust"
"That smell is gross during the project","Disgust"
"That smell is gross in this situation","Disgust"
"That smell is gross right now","Disgust"
"That smell is gross with my team","Disgust"
"That smell is gross in class","Disgust"
"That smell is gross after the meeting","Disgust"
"That smell is gross this morning","Disgust"
"That smell is gross tonight","Disgust"
"That smell is gross in the lab","Disgust"
"That smell is gross during practice","Disgust"
"That smell is gross with friends","Disgust"
"That smell is gross at home","Disgust"
"This feels revolting today","Disgust"
"This feels revolting this week","Disgust"
"This feels revolting at college","Disgust"
"This feels revolting during the project","Disgust"
"This feels revolting in this situation","Disgust"
"This feels revolting right now","Disgust"
"This feels revolting with my team","Disgust"
"This feels revolting in class","Disgust"
"This feels revolting after the meeting","Disgust"
"This feels revolting this morning","Disgust"
"This feels revolting tonight","Disgust"
"This feels revolting in the lab","Disgust"
"This feels revolting during practice","Disgust"
"This feels revolting with friends","Disgust"
"This feels revolting at home","Disgust"
"This is nasty today","Disgust"
"This is nasty this week","Disgust"
"This is nasty at college","Disgust"
"This is nasty during the project","Disgust"
"This is nasty in this situation","Disgust"
"This is nasty right now","Disgust"
"This is nasty with my team","Disgust"
"This is nasty in class","Disgust"
"This is nasty after the meeting","Disgust"
"This is nasty this morning","Disgust"
"This is nasty tonight","Disgust"
"This is nasty in the lab","Disgust"
"This is nasty during practice","Disgust"
"This is nasty with friends","Disgust"
"This is nasty at home","Disgust"
"I feel embarrassed today","Embarrassment"
"I feel embarrassed this week","Embarrassment"
"I feel embarrassed at college","Embarrassment"
"I feel embarrassed during the project","Embarrassment"
"I feel embarrassed in this situation","Embarrassment"
"I feel embarrassed right now","Embarrassment"
"I feel embarrassed with my team","Embarrassment"
"I feel embarrassed in class","Embarrassment"
"I feel embarrassed after the meeting","Embarrassment"
"I feel embarrassed this morning","Embarrassment"
"I feel embarrassed tonight","Embarrassment"
"I feel embarrassed in the lab","Embarrassment"
"I feel embarrassed during practice","Embarrassment"
"I feel embarrassed with friends","Embarrassment"
"I feel embarrassed at home","Embarrassment"
"This is awkward for me today","Embarrassment"
"This is awkward for me this week","Embarrassment"
"This is awkward for me at college","Embarrassment"
"This is awkward for me during the project","Embarrassment"
"This is awkward for me in this situation","Embarrassment"
"This is awkward for me right now","Embarrassment"
"This is awkward for me with my team","Embarrassment"
"This is awkward for me in class","Embarrassment"
"This is awkward for me after the meeting","Embarrassment"
"This is awkward for me this morning","Embarrassment"
"This is awkward for me tonight","Embarrassment"
"This is awkward for me in the lab","Embarrassment"
"This is awkward for me during practice","Embarrassment"
"This is awkward for me with friends","Embarrassment"
"This is awkward for me at home","Embarrassment"
"I feel ashamed now today","Embarrassment"
"I feel ashamed now this week","Embarrassment"
"I feel ashamed now at college","Embarrassment"
"I feel ashamed now during the project","Embarrassment"
"I feel ashamed now in this situation","Embarrassment"
"I feel ashamed now right now","Embarrassment"
"I feel ashamed now with my team","Embarrassment"
"I feel ashamed now in class","Embarrassment"
"I feel ashamed now after the meeting","Embarrassment"
"I feel ashamed now this morning","Embarrassment"
"I feel ashamed now tonight","Embarrassment"
"I feel ashamed now in the lab","Embarrassment"
"I feel ashamed now during practice","Embarrassment"
"I feel ashamed now with friends","Embarrassment"
"I feel ashamed now at home","Embarrassment"
"That was a cringe moment today","Embarrassment"
"That was a cringe moment this week","Embarrassment"
"That was a cringe moment at college","Embarrassment"
"That was a cringe moment during the project","Embarrassment"
"That was a cringe moment in this situation","Embarrassment"
"That was a cringe moment right now","Embarrassment"
"That was a cringe moment with my team","Embarrassment"
"That was a cringe moment in class","Embarrassment"
"That was a cringe moment after the meeting","Embarrassment"
"That was a cringe moment this morning","Embarrassment"
"That was a cringe moment tonight","Embarrassment"
"That was a cringe moment in the lab","Embarrassment"
"That was a cringe moment during practice","Embarrassment"
"That was a cringe moment with friends","Embarrassment"
"That was a cringe moment at home","Embarrassment"
"I am very excited today","Excitement"
"I am very excited this week","Excitement"
"I am very excited at college","Excitement"
"I am very excited during the project","Excitement"
"I am very excited in this situation","Excitement"
"I am very excited right now","Excitement"
"I am very excited with my team","Excitement"
"I am very excited in class","Excitement"
"I am very excited after the meeting","Excitement"
"I am very excited this morning","Excitement"
"I am very excited tonight","Excitement"
"I am very excited in the lab","Excitement"
"I am very excited during practice","Excitement"
"I am very excited with friends","Excitement"
"I am very excited at home","Excitement"
"I am thrilled about this today","Excitement"
"I am thrilled about this this week","Excitement"
"I am thrilled about this at college","Excitement"
"I am thrilled about this during the project","Excitement"
"I am thrilled about this in this situation","Excitement"
"I am thrilled about this right now","Excitement"
"I am thrilled about this with my team","Excitement"
"I am thrilled about this in class","Excitement"
"I am thrilled about this after the meeting","Excitement"
"I am thrilled about this this morning","Excitement"
"I am thrilled about this tonight","Excitement"
"I am thrilled about this in the lab","Excitement"
"I am thrilled about this during practice","Excitement"
"I am thrilled about this with friends","Excitement"
"I am thrilled about this at home","Excitement"
"I am pumped for this today","Excitement"
"I am pumped for this this week","Excitement"
"I am pumped for this at college","Excitement"
"I am pumped for this during the project","Excitement"
"I am pumped for this in this situation","Excitement"
"I am pumped for this right now","Excitement"
"I am pumped for this with my team","Excitement"
"I am pumped for this in class","Excitement"
"I am pumped for this after the meeting","Excitement"
"I am pumped for this this morning","Excitement"
"I am pumped for this tonight","Excitement"
"I am pumped for this in the lab","Excitement"
"I am pumped for this during practice","Excitement"
"I am pumped for this with friends","Excitement"
"I am pumped for this at home","Excitement"
"I cannot wait for this today","Excitement"
"I cannot wait for this this week","Excitement"
"I cannot wait for this at college","Excitement"
"I cannot wait for this during the project","Excitement"
"I cannot wait for this in this situation","Excitement"
"I cannot wait for this right now","Excitement"
"I cannot wait for this with my team","Excitement"
"I cannot wait for this in class","Excitement"
"I cannot wait for this after the meeting","Excitement"
"I cannot wait for this this morning","Excitement"
"I cannot wait for this tonight","Excitement"
"I cannot wait for this in the lab","Excitement"
"I cannot wait for this during practice","Excitement"
"I cannot wait for this with friends","Excitement"
"I cannot wait for this at home","Excitement"
"I feel scared today","Fear"
"I feel scared this week","Fear"
"I feel scared at college","Fear"
"I feel scared during the project","Fear"
"I feel scared in this situation","Fear"
"I feel scared right now","Fear"
"I feel scared with my team","Fear"
"I feel scared in class","Fear"
"I feel scared after the meeting","Fear"
"I feel scared this morning","Fear"
"I feel scared tonight","Fear"
"I feel scared in the lab","Fear"
"I feel scared during practice","Fear"
"I feel scared with friends","Fear"
"I feel scared at home","Fear"
"I am afraid of this today","Fear"
"I am afraid of this this week","Fear"
"I am afraid of this at college","Fear"
"I am afraid of this during the project","Fear"
"I am afraid of this in this situation","Fear"
"I am afraid of this right now","Fear"
"I am afraid of this with my team","Fear"
"I am afraid of this in class","Fear"
"I am afraid of this after the meeting","Fear"
"I am afraid of this this morning","Fear"
"I am afraid of this tonight","Fear"
"I am afraid of this in the lab","Fear"
"I am afraid of this during practice","Fear"
"I am afraid of this with friends","Fear"
"I am afraid of this at home","Fear"
"This makes me fearful today","Fear"
"This makes me fearful this week","Fear"
"This makes me fearful at college","Fear"
"This makes me fearful during the project","Fear"
"This makes me fearful in this situation","Fear"
"This makes me fearful right now","Fear"
"This makes me fearful with my team","Fear"
"This makes me fearful in class","Fear"
"This makes me fearful after the meeting","Fear"
"This makes me fearful this morning","Fear"
"This makes me fearful tonight","Fear"
"This makes me fearful in the lab","Fear"
"This makes me fearful during practice","Fear"
"This makes me fearful with friends","Fear"
"This makes me fearful at home","Fear"
"I feel terrified now today","Fear"
"I feel terrified now this week","Fear"
"I feel terrified now at college","Fear"
"I feel terrified now during the project","Fear"
"I feel terrified now in this situation","Fear"
"I feel terrified now right now","Fear"
"I feel terrified now with my team","Fear"
"I feel terrified now in class","Fear"
"I feel terrified now after the meeting","Fear"
"I feel terrified now this morning","Fear"
"I feel terrified now tonight","Fear"
"I feel terrified now in the lab","Fear"
"I feel terrified now during practice","Fear"
"I feel terrified now with friends","Fear"
"I feel terrified now at home","Fear"
"Thank you so much today","Gratitude"
"Thank you so much this week","Gratitude"
"Thank you so much at college","Gratitude"
"Thank you so much during the project","Gratitude"
"Thank you so much in this situation","Gratitude"
"Thank you so much right now","Gratitude"
"Thank you so much with my team","Gratitude"
"Thank you so much in class","Gratitude"
"Thank you so much after the meeting","Gratitude"
"Thank you so much this morning","Gratitude"
"Thank you so much tonight","Gratitude"
"Thank you so much in the lab","Gratitude"
"Thank you so much during practice","Gratitude"
"Thank you so much with friends","Gratitude"
"Thank you so much at home","Gratitude"
"I am very grateful today","Gratitude"
"I am very grateful this week","Gratitude"
"I am very grateful at college","Gratitude"
"I am very grateful during the project","Gratitude"
"I am very grateful in this situation","Gratitude"
"I am very grateful right now","Gratitude"
"I am very grateful with my team","Gratitude"
"I am very grateful in class","Gratitude"
"I am very grateful after the meeting","Gratitude"
"I am very grateful this morning","Gratitude"
"I am very grateful tonight","Gratitude"
"I am very grateful in the lab","Gratitude"
"I am very grateful during practice","Gratitude"
"I am very grateful with friends","Gratitude"
"I am very grateful at home","Gratitude"
"I appreciate your help today","Gratitude"
"I appreciate your help this week","Gratitude"
"I appreciate your help at college","Gratitude"
"I appreciate your help during the project","Gratitude"
"I appreciate your help in this situation","Gratitude"
"I appreciate your help right now","Gratitude"
"I appreciate your help with my team","Gratitude"
"I appreciate your help in class","Gratitude"
"I appreciate your help after the meeting","Gratitude"
"I appreciate your help this morning","Gratitude"
"I appreciate your help tonight","Gratitude"
"I appreciate your help in the lab","Gratitude"
"I appreciate your help during practice","Gratitude"
"I appreciate your help with friends","Gratitude"
"I appreciate your help at home","Gratitude"
"Thanks for supporting me today","Gratitude"
"Thanks for supporting me this week","Gratitude"
"Thanks for supporting me at college","Gratitude"
"Thanks for supporting me during the project","Gratitude"
"Thanks for supporting me in this situation","Gratitude"
"Thanks for supporting me right now","Gratitude"
"Thanks for supporting me with my team","Gratitude"
"Thanks for supporting me in class","Gratitude"
"Thanks for supporting me after the meeting","Gratitude"
"Thanks for supporting me this morning","Gratitude"
"Thanks for supporting me tonight","Gratitude"
"Thanks for supporting me in the lab","Gratitude"
"Thanks for supporting me during practice","Gratitude"
"Thanks for supporting me with friends","Gratitude"
"Thanks for supporting me at home","Gratitude"
"I am grieving this loss today","Grief"
"I am grieving this loss this week","Grief"
"I am grieving this loss at college","Grief"
"I am grieving this loss during the project","Grief"
"I am grieving this loss in this situation","Grief"
"I am grieving this loss right now","Grief"
"I am grieving this loss with my team","Grief"
"I am grieving this loss in class","Grief"
"I am grieving this loss after the meeting","Grief"
"I am grieving this loss this morning","Grief"
"I am grieving this loss tonight","Grief"
"I am grieving this loss in the lab","Grief"
"I am grieving this loss during practice","Grief"
"I am grieving this loss with friends","Grief"
"I am grieving this loss at home","Grief"
"My heart feels broken today","Grief"
"My heart feels broken this week","Grief"
"My heart feels broken at college","Grief"
"My heart feels broken during the project","Grief"
"My heart feels broken in this situation","Grief"
"My heart feels broken right now","Grief"
"My heart feels broken with my team","Grief"
"My heart feels broken in class","Grief"
"My heart feels broken after the meeting","Grief"
"My heart feels broken this morning","Grief"
"My heart feels broken tonight","Grief"
"My heart feels broken in the lab","Grief"
"My heart feels broken during practice","Grief"
"My heart feels broken with friends","Grief"
"My heart feels broken at home","Grief"
"I am mourning deeply today","Grief"
"I am mourning deeply this week","Grief"
"I am mourning deeply at college","Grief"
"I am mourning deeply during the project","Grief"
"I am mourning deeply in this situation","Grief"
"I am mourning deeply right now","Grief"
"I am mourning deeply with my team","Grief"
"I am mourning deeply in class","Grief"
"I am mourning deeply after the meeting","Grief"
"I am mourning deeply this morning","Grief"
"I am mourning deeply tonight","Grief"
"I am mourning deeply in the lab","Grief"
"I am mourning deeply during practice","Grief"
"I am mourning deeply with friends","Grief"
"I am mourning deeply at home","Grief"
"This loss hurts me today","Grief"
"This loss hurts me this week","Grief"
"This loss hurts me at college","Grief"
"This loss hurts me during the project","Grief"
"This loss hurts me in this situation","Grief"
"This loss hurts me right now","Grief"
"This loss hurts me with my team","Grief"
"This loss hurts me in class","Grief"
"This loss hurts me after the meeting","Grief"
"This loss hurts me this morning","Grief"
"This loss hurts me tonight","Grief"
"This loss hurts me in the lab","Grief"
"This loss hurts me during practice","Grief"
"This loss hurts me with friends","Grief"
"This loss hurts me at home","Grief"
"I feel joyful today","Joy"
"I feel joyful this week","Joy"
"I feel joyful at college","Joy"
"I feel joyful during the project","Joy"
"I feel joyful in this situation","Joy"
"I feel joyful right now","Joy"
"I feel joyful with my team","Joy"
"I feel joyful in class","Joy"
"I feel joyful after the meeting","Joy"
"I feel joyful this morning","Joy"
"I feel joyful tonight","Joy"
"I feel joyful in the lab","Joy"
"I feel joyful during practice","Joy"
"I feel joyful with friends","Joy"
"I feel joyful at home","Joy"
"I am very happy today","Joy"
"I am very happy this week","Joy"
"I am very happy at college","Joy"
"I am very happy during the project","Joy"
"I am very happy in this situation","Joy"
"I am very happy right now","Joy"
"I am very happy with my team","Joy"
"I am very happy in class","Joy"
"I am very happy after the meeting","Joy"
"I am very happy this morning","Joy"
"I am very happy tonight","Joy"
"I am very happy in the lab","Joy"
"I am very happy during practice","Joy"
"I am very happy with friends","Joy"
"I am very happy at home","Joy"
"This makes me delighted today","Joy"
"This makes me delighted this week","Joy"
"This makes me delighted at college","Joy"
"This makes me delighted during the project","Joy"
"This makes me delighted in this situation","Joy"
"This makes me delighted right now","Joy"
"This makes me delighted with my team","Joy"
"This makes me delighted in class","Joy"
"This makes me delighted after the meeting","Joy"
"This makes me delighted this morning","Joy"
"This makes me delighted tonight","Joy"
"This makes me delighted in the lab","Joy"
"This makes me delighted during practice","Joy"
"This makes me delighted with friends","Joy"
"This makes me delighted at home","Joy"
"I feel great today today","Joy"
"I feel great today this week","Joy"
"I feel great today at college","Joy"
"I feel great today during the project","Joy"
"I feel great today in this situation","Joy"
"I feel great today right now","Joy"
"I feel great today with my team","Joy"
"I feel great today in class","Joy"
"I feel great today after the meeting","Joy"
"I feel great today this morning","Joy"
"I feel great today tonight","Joy"
"I feel great today in the lab","Joy"
"I feel great today during practice","Joy"
"I feel great today with friends","Joy"
"I feel great today at home","Joy"
"I love my family today","Love"
"I love my family this week","Love"
"I love my family at college","Love"
"I love my family during the project","Love"
"I love my family in this situation","Love"
"I love my family right now","Love"
"I love my family with my team","Love"
"I love my family in class","Love"
"I love my family after the meeting","Love"
"I love my family this morning","Love"
"I love my family tonight","Love"
"I love my family in the lab","Love"
"I love my family during practice","Love"
"I love my family with friends","Love"
"I love my family at home","Love"
"I deeply adore this person today","Love"
"I deeply adore this person this week","Love"
"I deeply adore this person at college","Love"
"I deeply adore this person during the project","Love"
"I deeply adore this person in this situation","Love"
"I deeply adore this person right now","Love"
"I deeply adore this person with my team","Love"
"I deeply adore this person in class","Love"
"I deeply adore this person after the meeting","Love"
"I deeply adore this person this morning","Love"
"I deeply adore this person tonight","Love"
"I deeply adore this person in the lab","Love"
"I deeply adore this person during practice","Love"
"I deeply adore this person with friends","Love"
"I deeply adore this person at home","Love"
"I feel strong affection today","Love"
"I feel strong affection this week","Love"
"I feel strong affection at college","Love"
"I feel strong affection during the project","Love"
"I feel strong affection in this situation","Love"
"I feel strong affection right now","Love"
"I feel strong affection with my team","Love"
"I feel strong affection in class","Love"
"I feel strong affection after the meeting","Love"
"I feel strong affection this morning","Love"
"I feel strong affection tonight","Love"
"I feel strong affection in the lab","Love"
"I feel strong affection during practice","Love"
"I feel strong affection with friends","Love"
"I feel strong affection at home","Love"
"I cherish this bond today","Love"
"I cherish this bond this week","Love"
"I cherish this bond at college","Love"
"I cherish this bond during the project","Love"
"I cherish this bond in this situation","Love"
"I cherish this bond right now","Love"
"I cherish this bond with my team","Love"
"I cherish this bond in class","Love"
"I cherish this bond after the meeting","Love"
"I cherish this bond this morning","Love"
"I cherish this bond tonight","Love"
"I cherish this bond in the lab","Love"
"I cherish this bond during practice","Love"
"I cherish this bond with friends","Love"
"I cherish this bond at home","Love"
"I feel nervous today","Nervousness"
"I feel nervous this week","Nervousness"
"I feel nervous at college","Nervousness"
"I feel nervous during the project","Nervousness"
"I feel nervous in this situation","Nervousness"
"I feel nervous right now","Nervousness"
"I feel nervous with my team","Nervousness"
"I feel nervous in class","Nervousness"
"I feel nervous after the meeting","Nervousness"
"I feel nervous this morning","Nervousness"
"I feel nervous tonight","Nervousness"
"I feel nervous in the lab","Nervousness"
"I feel nervous during practice","Nervousness"
"I feel nervous with friends","Nervousness"
"I feel nervous at home","Nervousness"
"I am anxious now today","Nervousness"
"I am anxious now this week","Nervousness"
"I am anxious now at college","Nervousness"
"I am anxious now during the project","Nervousness"
"I am anxious now in this situation","Nervousness"
"I am anxious now right now","Nervousness"
"I am anxious now with my team","Nervousness"
"I am anxious now in class","Nervousness"
"I am anxious now after the meeting","Nervousness"
"I am anxious now this morning","Nervousness"
"I am anxious now tonight","Nervousness"
"I am anxious now in the lab","Nervousness"
"I am anxious now during practice","Nervousness"
"I am anxious now with friends","Nervousness"
"I am anxious now at home","Nervousness"
"I am worried about this today","Nervousness"
"I am worried about this this week","Nervousness"
"I am worried about this at college","Nervousness"
"I am worried about this during the project","Nervousness"
"I am worried about this in this situation","Nervousness"
"I am worried about this right now","Nervousness"
"I am worried about this with my team","Nervousness"
"I am worried about this in class","Nervousness"
"I am worried about this after the meeting","Nervousness"
"I am worried about this this morning","Nervousness"
"I am worried about this tonight","Nervousness"
"I am worried about this in the lab","Nervousness"
"I am worried about this during practice","Nervousness"
"I am worried about this with friends","Nervousness"
"I am worried about this at home","Nervousness"
"I feel tense today today","Nervousness"
"I feel tense today this week","Nervousness"
"I feel tense today at college","Nervousness"
"I feel tense today during the project","Nervousness"
"I feel tense today in this situation","Nervousness"
"I feel tense today right now","Nervousness"
"I feel tense today with my team","Nervousness"
"I feel tense today in class","Nervousness"
"I feel tense today after the meeting","Nervousness"
"I feel tense today this morning","Nervousness"
"I feel tense today tonight","Nervousness"
"I feel tense today in the lab","Nervousness"
"I feel tense today during practice","Nervousness"
"I feel tense today with friends","Nervousness"
"I feel tense today at home","Nervousness"
"I feel hopeful today","Optimism"
"I feel hopeful this week","Optimism"
"I feel hopeful at college","Optimism"
"I feel hopeful during the project","Optimism"
"I feel hopeful in this situation","Optimism"
"I feel hopeful right now","Optimism"
"I feel hopeful with my team","Optimism"
"I feel hopeful in class","Optimism"
"I feel hopeful after the meeting","Optimism"
"I feel hopeful this morning","Optimism"
"I feel hopeful tonight","Optimism"
"I feel hopeful in the lab","Optimism"
"I feel hopeful during practice","Optimism"
"I feel hopeful with friends","Optimism"
"I feel hopeful at home","Optimism"
"I am optimistic about this today","Optimism"
"I am optimistic about this this week","Optimism"
"I am optimistic about this at college","Optimism"
"I am optimistic about this during the project","Optimism"
"I am optimistic about this in this situation","Optimism"
"I am optimistic about this right now","Optimism"
"I am optimistic about this with my team","Optimism"
"I am optimistic about this in class","Optimism"
"I am optimistic about this after the meeting","Optimism"
"I am optimistic about this this morning","Optimism"
"I am optimistic about this tonight","Optimism"
"I am optimistic about this in the lab","Optimism"
"I am optimistic about this during practice","Optimism"
"I am optimistic about this with friends","Optimism"
"I am optimistic about this at home","Optimism"
"Things will improve soon today","Optimism"
"Things will improve soon this week","Optimism"
"Things will improve soon at college","Optimism"
"Things will improve soon during the project","Optimism"
"Things will improve soon in this situation","Optimism"
"Things will improve soon right now","Optimism"
"Things will improve soon with my team","Optimism"
"Things will improve soon in class","Optimism"
"Things will improve soon after the meeting","Optimism"
"Things will improve soon this morning","Optimism"
"Things will improve soon tonight","Optimism"
"Things will improve soon in the lab","Optimism"
"Things will improve soon during practice","Optimism"
"Things will improve soon with friends","Optimism"
"Things will improve soon at home","Optimism"
"I expect a good outcome today","Optimism"
"I expect a good outcome this week","Optimism"
"I expect a good outcome at college","Optimism"
"I expect a good outcome during the project","Optimism"
"I expect a good outcome in this situation","Optimism"
"I expect a good outcome right now","Optimism"
"I expect a good outcome with my team","Optimism"
"I expect a good outcome in class","Optimism"
"I expect a good outcome after the meeting","Optimism"
"I expect a good outcome this morning","Optimism"
"I expect a good outcome tonight","Optimism"
"I expect a good outcome in the lab","Optimism"
"I expect a good outcome during practice","Optimism"
"I expect a good outcome with friends","Optimism"
"I expect a good outcome at home","Optimism"
"I feel proud today today","Pride"
"I feel proud today this week","Pride"
"I feel proud today at college","Pride"
"I feel proud today during the project","Pride"
"I feel proud today in this situation","Pride"
"I feel proud today right now","Pride"
"I feel proud today with my team","Pride"
"I feel proud today in class","Pride"
"I feel proud today after the meeting","Pride"
"I feel proud today this morning","Pride"
"I feel proud today tonight","Pride"
"I feel proud today in the lab","Pride"
"I feel proud today during practice","Pride"
"I feel proud today with friends","Pride"
"I feel proud today at home","Pride"
"I am proud of this work today","Pride"
"I am proud of this work this week","Pride"
"I am proud of this work at college","Pride"
"I am proud of this work during the project","Pride"
"I am proud of this work in this situation","Pride"
"I am proud of this work right now","Pride"
"I am proud of this work with my team","Pride"
"I am proud of this work in class","Pride"
"I am proud of this work after the meeting","Pride"
"I am proud of this work this morning","Pride"
"I am proud of this work tonight","Pride"
"I am proud of this work in the lab","Pride"
"I am proud of this work during practice","Pride"
"I am proud of this work with friends","Pride"
"I am proud of this work at home","Pride"
"This is my achievement today","Pride"
"This is my achievement this week","Pride"
"This is my achievement at college","Pride"
"This is my achievement during the project","Pride"
"This is my achievement in this situation","Pride"
"This is my achievement right now","Pride"
"This is my achievement with my team","Pride"
"This is my achievement in class","Pride"
"This is my achievement after the meeting","Pride"
"This is my achievement this morning","Pride"
"This is my achievement tonight","Pride"
"This is my achievement in the lab","Pride"
"This is my achievement during practice","Pride"
"This is my achievement with friends","Pride"
"This is my achievement at home","Pride"
"I earned this success today","Pride"
"I earned this success this week","Pride"
"I earned this success at college","Pride"
"I earned this success during the project","Pride"
"I earned this success in this situation","Pride"
"I earned this success right now","Pride"
"I earned this success with my team","Pride"
"I earned this success in class","Pride"
"I earned this success after the meeting","Pride"
"I earned this success this morning","Pride"
"I earned this success tonight","Pride"
"I earned this success in the lab","Pride"
"I earned this success during practice","Pride"
"I earned this success with friends","Pride"
"I earned this success at home","Pride"
"I just realized this today","Realization"
"I just realized this this week","Realization"
"I just realized this at college","Realization"
"I just realized this during the project","Realization"
"I just realized this in this situation","Realization"
"I just realized this right now","Realization"
"I just realized this with my team","Realization"
"I just realized this in class","Realization"
"I just realized this after the meeting","Realization"
"I just realized this this morning","Realization"
"I just realized this tonight","Realization"
"I just realized this in the lab","Realization"
"I just realized this during practice","Realization"
"I just realized this with friends","Realization"
"I just realized this at home","Realization"
"Now I clearly see it today","Realization"
"Now I clearly see it this week","Realization"
"Now I clearly see it at college","Realization"
"Now I clearly see it during the project","Realization"
"Now I clearly see it in this situation","Realization"
"Now I clearly see it right now","Realization"
"Now I clearly see it with my team","Realization"
"Now I clearly see it in class","Realization"
"Now I clearly see it after the meeting","Realization"
"Now I clearly see it this morning","Realization"
"Now I clearly see it tonight","Realization"
"Now I clearly see it in the lab","Realization"
"Now I clearly see it during practice","Realization"
"Now I clearly see it with friends","Realization"
"Now I clearly see it at home","Realization"
"It finally makes sense today","Realization"
"It finally makes sense this week","Realization"
"It finally makes sense at college","Realization"
"It finally makes sense during the project","Realization"
"It finally makes sense in this situation","Realization"
"It finally makes sense right now","Realization"
"It finally makes sense with my team","Realization"
"It finally makes sense in class","Realization"
"It finally makes sense after the meeting","Realization"
"It finally makes sense this morning","Realization"
"It finally makes sense tonight","Realization"
"It finally makes sense in the lab","Realization"
"It finally makes sense during practice","Realization"
"It finally makes sense with friends","Realization"
"It finally makes sense at home","Realization"
"I figured this out now today","Realization"
"I figured this out now this week","Realization"
"I figured this out now at college","Realization"
"I figured this out now during the project","Realization"
"I figured this out now in this situation","Realization"
"I figured this out now right now","Realization"
"I figured this out now with my team","Realization"
"I figured this out now in class","Realization"
"I figured this out now after the meeting","Realization"
"I figured this out now this morning","Realization"
"I figured this out now tonight","Realization"
"I figured this out now in the lab","Realization"
"I figured this out now during practice","Realization"
"I figured this out now with friends","Realization"
"I figured this out now at home","Realization"
"I feel relieved now today","Relief"
"I feel relieved now this week","Relief"
"I feel relieved now at college","Relief"
"I feel relieved now during the project","Relief"
"I feel relieved now in this situation","Relief"
"I feel relieved now right now","Relief"
"I feel relieved now with my team","Relief"
"I feel relieved now in class","Relief"
"I feel relieved now after the meeting","Relief"
"I feel relieved now this morning","Relief"
"I feel relieved now tonight","Relief"
"I feel relieved now in the lab","Relief"
"I feel relieved now during practice","Relief"
"I feel relieved now with friends","Relief"
"I feel relieved now at home","Relief"
"Finally this is over today","Relief"
"Finally this is over this week","Relief"
"Finally this is over at college","Relief"
"Finally this is over during the project","Relief"
"Finally this is over in this situation","Relief"
"Finally this is over right now","Relief"
"Finally this is over with my team","Relief"
"Finally this is over in class","Relief"
"Finally this is over after the meeting","Relief"
"Finally this is over this morning","Relief"
"Finally this is over tonight","Relief"
"Finally this is over in the lab","Relief"
"Finally this is over during practice","Relief"
"Finally this is over with friends","Relief"
"Finally this is over at home","Relief"
"What a relief for me today","Relief"
"What a relief for me this week","Relief"
"What a relief for me at college","Relief"
"What a relief for me during the project","Relief"
"What a relief for me in this situation","Relief"
"What a relief for me right now","Relief"
"What a relief for me with my team","Relief"
"What a relief for me in class","Relief"
"What a relief for me after the meeting","Relief"
"What a relief for me this morning","Relief"
"What a relief for me tonight","Relief"
"What a relief for me in the lab","Relief"
"What a relief for me during practice","Relief"
"What a relief for me with friends","Relief"
"What a relief for me at home","Relief"
"I can relax now today","Relief"
"I can relax now this week","Relief"
"I can relax now at college","Relief"
"I can relax now during the project","Relief"
"I can relax now in this situation","Relief"
"I can relax now right now","Relief"
"I can relax now with my team","Relief"
"I can relax now in class","Relief"
"I can relax now after the meeting","Relief"
"I can relax now this morning","Relief"
"I can relax now tonight","Relief"
"I can relax now in the lab","Relief"
"I can relax now during practice","Relief"
"I can relax now with friends","Relief"
"I can relax now at home","Relief"
"I feel sorry today","Remorse"
"I feel sorry this week","Remorse"
"I feel sorry at college","Remorse"
"I feel sorry during the project","Remorse"
"I feel sorry in this situation","Remorse"
"I feel sorry right now","Remorse"
"I feel sorry with my team","Remorse"
"I feel sorry in class","Remorse"
"I feel sorry after the meeting","Remorse"
"I feel sorry this morning","Remorse"
"I feel sorry tonight","Remorse"
"I feel sorry in the lab","Remorse"
"I feel sorry during practice","Remorse"
"I feel sorry with friends","Remorse"
"I feel sorry at home","Remorse"
"I regret my action today","Remorse"
"I regret my action this week","Remorse"
"I regret my action at college","Remorse"
"I regret my action during the project","Remorse"
"I regret my action in this situation","Remorse"
"I regret my action right now","Remorse"
"I regret my action with my team","Remorse"
"I regret my action in class","Remorse"
"I regret my action after the meeting","Remorse"
"I regret my action this morning","Remorse"
"I regret my action tonight","Remorse"
"I regret my action in the lab","Remorse"
"I regret my action during practice","Remorse"
"I regret my action with friends","Remorse"
"I regret my action at home","Remorse"
"This was my fault today","Remorse"
"This was my fault this week","Remorse"
"This was my fault at college","Remorse"
"This was my fault during the project","Remorse"
"This was my fault in this situation","Remorse"
"This was my fault right now","Remorse"
"This was my fault with my team","Remorse"
"This was my fault in class","Remorse"
"This was my fault after the meeting","Remorse"
"This was my fault this morning","Remorse"
"This was my fault tonight","Remorse"
"This was my fault in the lab","Remorse"
"This was my fault during practice","Remorse"
"This was my fault with friends","Remorse"
"This was my fault at home","Remorse"
"I feel guilty now today","Remorse"
"I feel guilty now this week","Remorse"
"I feel guilty now at college","Remorse"
"I feel guilty now during the project","Remorse"
"I feel guilty now in this situation","Remorse"
"I feel guilty now right now","Remorse"
"I feel guilty now with my team","Remorse"
"I feel guilty now in class","Remorse"
"I feel guilty now after the meeting","Remorse"
"I feel guilty now this morning","Remorse"
"I feel guilty now tonight","Remorse"
"I feel guilty now in the lab","Remorse"
"I feel guilty now during practice","Remorse"
"I feel guilty now with friends","Remorse"
"I feel guilty now at home","Remorse"
"I feel sad today today","Sadness"
"I feel sad today this week","Sadness"
"I feel sad today at college","Sadness"
"I feel sad today during the project","Sadness"
"I feel sad today in this situation","Sadness"
"I feel sad today right now","Sadness"
"I feel sad today with my team","Sadness"
"I feel sad today in class","Sadness"
"I feel sad today after the meeting","Sadness"
"I feel sad today this morning","Sadness"
"I feel sad today tonight","Sadness"
"I feel sad today in the lab","Sadness"
"I feel sad today during practice","Sadness"
"I feel sad today with friends","Sadness"
"I feel sad today at home","Sadness"
"I feel down now today","Sadness"
"I feel down now this week","Sadness"
"I feel down now at college","Sadness"
"I feel down now during the project","Sadness"
"I feel down now in this situation","Sadness"
"I feel down now right now","Sadness"
"I feel down now with my team","Sadness"
"I feel down now in class","Sadness"
"I feel down now after the meeting","Sadness"
"I feel down now this morning","Sadness"
"I feel down now tonight","Sadness"
"I feel down now in the lab","Sadness"
"I feel down now during practice","Sadness"
"I feel down now with friends","Sadness"
"I feel down now at home","Sadness"
"I am unhappy right now today","Sadness"
"I am unhappy right now this week","Sadness"
"I am unhappy right now at college","Sadness"
"I am unhappy right now during the project","Sadness"
"I am unhappy right now in this situation","Sadness"
"I am unhappy right now right now","Sadness"
"I am unhappy right now with my team","Sadness"
"I am unhappy right now in class","Sadness"
"I am unhappy right now after the meeting","Sadness"
"I am unhappy right now this morning","Sadness"
"I am unhappy right now tonight","Sadness"
"I am unhappy right now in the lab","Sadness"
"I am unhappy right now during practice","Sadness"
"I am unhappy right now with friends","Sadness"
"I am unhappy right now at home","Sadness"
"This makes me depressed today","Sadness"
"This makes me depressed this week","Sadness"
"This makes me depressed at college","Sadness"
"This makes me depressed during the project","Sadness"
"This makes me depressed in this situation","Sadness"
"This makes me depressed right now","Sadness"
"This makes me depressed with my team","Sadness"
"This makes me depressed in class","Sadness"
"This makes me depressed after the meeting","Sadness"
"This makes me depressed this morning","Sadness"
"This makes me depressed tonight","Sadness"
"This makes me depressed in the lab","Sadness"
"This makes me depressed during practice","Sadness"
"This makes me depressed with friends","Sadness"
"This makes me depressed at home","Sadness"
"I am surprised by this today","Surprise"
"I am surprised by this this week","Surprise"
"I am surprised by this at college","Surprise"
"I am surprised by this during the project","Surprise"
"I am surprised by this in this situation","Surprise"
"I am surprised by this right now","Surprise"
"I am surprised by this with my team","Surprise"
"I am surprised by this in class","Surprise"
"I am surprised by this after the meeting","Surprise"
"I am surprised by this this morning","Surprise"
"I am surprised by this tonight","Surprise"
"I am surprised by this in the lab","Surprise"
"I am surprised by this during practice","Surprise"
"I am surprised by this with friends","Surprise"
"I am surprised by this at home","Surprise"
"This is unexpected today","Surprise"
"This is unexpected this week","Surprise"
"This is unexpected at college","Surprise"
"This is unexpected during the project","Surprise"
"This is unexpected in this situation","Surprise"
"This is unexpected right now","Surprise"
"This is unexpected with my team","Surprise"
"This is unexpected in class","Surprise"
"This is unexpected after the meeting","Surprise"
"This is unexpected this morning","Surprise"
"This is unexpected tonight","Surprise"
"This is unexpected in the lab","Surprise"
"This is unexpected during practice","Surprise"
"This is unexpected with friends","Surprise"
"This is unexpected at home","Surprise"
"Wow that shocked me today","Surprise"
"Wow that shocked me this week","Surprise"
"Wow that shocked me at college","Surprise"
"Wow that shocked me during the project","Surprise"
"Wow that shocked me in this situation","Surprise"
"Wow that shocked me right now","Surprise"
"Wow that shocked me with my team","Surprise"
"Wow that shocked me in class","Surprise"
"Wow that shocked me after the meeting","Surprise"
"Wow that shocked me this morning","Surprise"
"Wow that shocked me tonight","Surprise"
"Wow that shocked me in the lab","Surprise"
"Wow that shocked me during practice","Surprise"
"Wow that shocked me with friends","Surprise"
"Wow that shocked me at home","Surprise"
"I did not see that coming today","Surprise"
"I did not see that coming this week","Surprise"
"I did not see that coming at college","Surprise"
"I did not see that coming during the project","Surprise"
"I did not see that coming in this situation","Surprise"
"I did not see that coming right now","Surprise"
"I did not see that coming with my team","Surprise"
"I did not see that coming in class","Surprise"
"I did not see that coming after the meeting","Surprise"
"I did not see that coming this morning","Surprise"
"I did not see that coming tonight","Surprise"
"I did not see that coming in the lab","Surprise"
"I did not see that coming during practice","Surprise"
"I did not see that coming with friends","Surprise"
"I did not see that coming at home","Surprise"
"I went to class today","Neutral"
"I went to class this week","Neutral"
"I went to class at college","Neutral"
"I went to class during the project","Neutral"
"I went to class in this situation","Neutral"
"I went to class right now","Neutral"
"I went to class with my team","Neutral"
"I went to class in class","Neutral"
"I went to class after the meeting","Neutral"
"I went to class this morning","Neutral"
"I went to class tonight","Neutral"
"I went to class in the lab","Neutral"
"I went to class during practice","Neutral"
"I went to class with friends","Neutral"
"I went to class at home","Neutral"
"I completed my task today","Neutral"
"I completed my task this week","Neutral"
"I completed my task at college","Neutral"
"I completed my task during the project","Neutral"
"I completed my task in this situation","Neutral"
"I completed my task right now","Neutral"
"I completed my task with my team","Neutral"
"I completed my task in class","Neutral"
"I completed my task after the meeting","Neutral"
"I completed my task this morning","Neutral"
"I completed my task tonight","Neutral"
"I completed my task in the lab","Neutral"
"I completed my task during practice","Neutral"
"I completed my task with friends","Neutral"
"I completed my task at home","Neutral"
"I had lunch today today","Neutral"
"I had lunch today this week","Neutral"
"I had lunch today at college","Neutral"
"I had lunch today during the project","Neutral"
"I had lunch today in this situation","Neutral"
"I had lunch today right now","Neutral"
"I had lunch today with my team","Neutral"
"I had lunch today in class","Neutral"
"I had lunch today after the meeting","Neutral"
"I had lunch today this morning","Neutral"
"I had lunch today tonight","Neutral"
"I had lunch today in the lab","Neutral"
"I had lunch today during practice","Neutral"
"I had lunch today with friends","Neutral"
"I had lunch today at home","Neutral"
"I am reading notes today","Neutral"
"I am reading notes this week","Neutral"
"I am reading notes at college","Neutral"
"I am reading notes during the project","Neutral"
"I am reading notes in this situation","Neutral"
"I am reading notes right now","Neutral"
"I am reading notes with my team","Neutral"
"I am reading notes in class","Neutral"
"I am reading notes after the meeting","Neutral"
"I am reading notes this morning","Neutral"
"I am reading notes tonight","Neutral"
"I am reading notes in the lab","Neutral"
"I am reading notes during practice","Neutral"
"I am reading notes with friends","Neutral"
"I am reading notes at home","Neutral"
"I want to end my life today","Crisis"
"I want to end my life this week","Crisis"
"I want to end my life at college","Crisis"
"I want to end my life during the project","Crisis"
"I want to end my life in this situation","Crisis"
"I want to end my life right now","Crisis"
"I want to end my life with my team","Crisis"
"I want to end my life in class","Crisis"
"I want to end my life after the meeting","Crisis"
"I want to end my life this morning","Crisis"
"I want to end my life tonight","Crisis"
"I want to end my life in the lab","Crisis"
"I want to end my life during practice","Crisis"
"I want to end my life with friends","Crisis"
"I want to end my life at home","Crisis"
"I want to kill myself today","Crisis"
"I want to kill myself this week","Crisis"
"I want to kill myself at college","Crisis"
"I want to kill myself during the project","Crisis"
"I want to kill myself in this situation","Crisis"
"I want to kill myself right now","Crisis"
"I want to kill myself with my team","Crisis"
"I want to kill myself in class","Crisis"
"I want to kill myself after the meeting","Crisis"
"I want to kill myself this morning","Crisis"
"I want to kill myself tonight","Crisis"
"I want to kill myself in the lab","Crisis"
"I want to kill myself during practice","Crisis"
"I want to kill myself with friends","Crisis"
"I want to kill myself at home","Crisis"
"I feel no reason to live today","Crisis"
"I feel no reason to live this week","Crisis"
"I feel no reason to live at college","Crisis"
"I feel no reason to live during the project","Crisis"
"I feel no reason to live in this situation","Crisis"
"I feel no reason to live right now","Crisis"
"I feel no reason to live with my team","Crisis"
"I feel no reason to live in class","Crisis"
"I feel no reason to live after the meeting","Crisis"
"I feel no reason to live this morning","Crisis"
"I feel no reason to live tonight","Crisis"
"I feel no reason to live in the lab","Crisis"
"I feel no reason to live during practice","Crisis"
"I feel no reason to live with friends","Crisis"
"I feel no reason to live at home","Crisis"
"I want to die today today","Crisis"
"I want to die today this week","Crisis"
"I want to die today at college","Crisis"
"I want to die today during the project","Crisis"
"I want to die today in this situation","Crisis"
"I want to die today right now","Crisis"
"I want to die today with my team","Crisis"
"I want to die today in class","Crisis"
"I want to die today after the meeting","Crisis"
"I want to die today this morning","Crisis"
"I want to die today tonight","Crisis"
"I want to die today in the lab","Crisis"
"I want to die today during practice","Crisis"
"I want to die today with friends","Crisis"
"I want to die today at home","Crisis"
